,id,date,duration,views,likes,category_id,hour,update_diff
0,ibOKDFO9sCE,2023-05-16T22:22:27Z,25974,20788,202,20,13,63
0,ibOKDFO9sCE,2023-05-16T22:22:27Z,25974,20865,204,20,14,64
0,ibOKDFO9sCE,2023-05-16T22:22:27Z,25974,20940,205,20,15,65
0,ibOKDFO9sCE,2023-05-16T22:22:27Z,25974,21050,204,20,16,66
0,ibOKDFO9sCE,2023-05-16T22:22:27Z,25974,21135,205,20,17,67
0,ibOKDFO9sCE,2023-05-16T22:22:27Z,25974,21215,205,20,18,68
0,ibOKDFO9sCE,2023-05-16T22:22:27Z,25974,21316,205,20,19,69
0,ibOKDFO9sCE,2023-05-16T22:22:27Z,25974,21428,206,20,20,70
0,ibOKDFO9sCE,2023-05-16T22:22:27Z,25974,21528,206,20,21,71
0,ibOKDFO9sCE,2023-05-16T22:22:27Z,25974,21582,208,20,22,72
0,ibOKDFO9sCE,2023-05-16T22:22:27Z,25974,21628,208,20,23,73
0,ibOKDFO9sCE,2023-05-16T22:22:27Z,25974,21692,209,20,0,74
0,ibOKDFO9sCE,2023-05-16T22:22:27Z,25974,21793,210,20,1,75
0,ibOKDFO9sCE,2023-05-16T22:22:27Z,25974,21873,210,20,2,76
0,ibOKDFO9sCE,2023-05-16T22:22:27Z,25974,21984,210,20,3,77
0,ibOKDFO9sCE,2023-05-16T22:22:27Z,25974,22083,210,20,4,78
0,ibOKDFO9sCE,2023-05-16T22:22:27Z,25974,22150,210,20,5,79
0,ibOKDFO9sCE,2023-05-16T22:22:27Z,25974,22224,210,20,6,80
0,ibOKDFO9sCE,2023-05-16T22:22:27Z,25974,22280,211,20,7,81
0,ibOKDFO9sCE,2023-05-16T22:22:27Z,25974,22310,212,20,8,82
0,ibOKDFO9sCE,2023-05-16T22:22:27Z,25974,22339,212,20,9,83
0,ibOKDFO9sCE,2023-05-16T22:22:27Z,25974,22386,211,20,10,84
0,ibOKDFO9sCE,2023-05-16T22:22:27Z,25974,22433,212,20,11,85
0,ibOKDFO9sCE,2023-05-16T22:22:27Z,25974,22525,215,20,12,86
0,ibOKDFO9sCE,2023-05-16T22:22:27Z,25974,22614,215,20,13,87
0,ibOKDFO9sCE,2023-05-16T22:22:27Z,25974,22712,217,20,14,88
0,ibOKDFO9sCE,2023-05-16T22:22:27Z,25974,22794,218,20,15,89
0,ibOKDFO9sCE,2023-05-16T22:22:27Z,25974,22911,220,20,16,90
0,ibOKDFO9sCE,2023-05-16T22:22:27Z,25974,23026,220,20,17,91
0,ibOKDFO9sCE,2023-05-16T22:22:27Z,25974,23103,221,20,18,92
0,ibOKDFO9sCE,2023-05-16T22:22:27Z,25974,23236,222,20,19,93
0,ibOKDFO9sCE,2023-05-16T22:22:27Z,25974,23280,224,20,20,94
0,ibOKDFO9sCE,2023-05-16T22:22:27Z,25974,23365,225,20,21,95
0,ibOKDFO9sCE,2023-05-16T22:22:27Z,25974,23429,226,20,22,96
