,duration,views,likes,category_id,hour,update_diff,id,date
2023-05-06T03:00:23Z,922,79939,2152,26,17,230,,
0,922,80078,2156,26,18,231,zhA4adPiIOs,2023-05-06T03:00:23Z
0,922,80245,2157,26,19,232,zhA4adPiIOs,2023-05-06T03:00:23Z
0,922,80400,2162,26,20,233,zhA4adPiIOs,2023-05-06T03:00:23Z
0,922,80579,2164,26,21,234,zhA4adPiIOs,2023-05-06T03:00:23Z
0,922,80790,2176,26,22,235,zhA4adPiIOs,2023-05-06T03:00:23Z
0,922,80989,2184,26,23,236,zhA4adPiIOs,2023-05-06T03:00:23Z
0,922,81209,2192,26,0,237,zhA4adPiIOs,2023-05-06T03:00:23Z
0,922,81602,2197,26,1,238,zhA4adPiIOs,2023-05-06T03:00:23Z
